{
    "name": "All Clients",
    "url_nice_name": "all_clients",
    "icon_name": "",
    "clients_included": 1151,
    "total_submitted": 6820831,
    "total_questions": 435824,
    "total_answers": 590640,
    "ppv_with_reviews": 0.68,
    "verticals": {
        "1": {
            "name": "Automotive Parts & Service",
            "url_nice_name": "auto",
            "icon_name": "automotive",
            "clients_included": 16,
            "total_submitted": 36532,
            "total_questions": null,
            "total_answers": null,
            "ppv_with_reviews": 0.78,
            "industries": [],
            "roi_rr_conversion": null,
            "roi_rr_aov": null,
            "roi_rr_revenue_per_visit": null,
            "roi_qa_lift_conversion": null,
            "roi_qa_lift_aov": null,
            "roi_qa_lift_revenue_per_visit": null,
            "average_rating": 4.36,
            "rating_distribution_1": 0.04,
            "rating_distribution_2": 0.03,
            "rating_distribution_3": 0.05,
            "rating_distribution_4": 0.2,
            "rating_distribution_5": 0.64,
            "nps_detractors": 0.14815,
            "nps_passives": 0.147816666667,
            "nps_promoters": 0.713066666667,
            "answers_from_community": null,
            "reviews_by_repeat_contributors": 0.25
        },
        "2": {
            "name": "Consumer Brands & Manufacturing",
            "url_nice_name": "consumer_brands_manufacturing",
            "icon_name": "",
            "clients_included": 432,
            "total_submitted": 249235,
            "total_questions": 42691,
            "total_answers": 36870,
            "ppv_with_reviews": 0.81,
            "industries": {
                "28": {
                    "name": "Apparel",
                    "url_nice_name": "manu_apparel_accessories",
                    "icon_name": "apparel",
                    "clients_included": 14,
                    "total_submitted": 10699,
                    "total_questions": null,
                    "total_answers": null,
                    "ppv_with_reviews": 0.78,
                    "roi_rr_conversion": 0.92,
                    "roi_rr_aov": 0.07,
                    "roi_rr_revenue_per_visit": 1.69,
                    "roi_qa_lift_conversion": null,
                    "roi_qa_lift_aov": null,
                    "roi_qa_lift_revenue_per_visit": null,
                    "average_rating": 4.28,
                    "rating_distribution_1": 0.06,
                    "rating_distribution_2": 0.05,
                    "rating_distribution_3": 0.07,
                    "rating_distribution_4": 0.18,
                    "rating_distribution_5": 0.63,
                    "nps_detractors": null,
                    "nps_passives": null,
                    "nps_promoters": null,
                    "answers_from_community": null,
                    "reviews_by_repeat_contributors": 0.26
                },
                "29": {
                    "name": "Consumer Electronics",
                    "url_nice_name": "manu_consumer_electronics",
                    "icon_name": "consumer_electronics",
                    "clients_included": 71,
                    "total_submitted": 45695,
                    "total_questions": 32017,
                    "total_answers": 26306,
                    "ppv_with_reviews": 0.74,
                    "roi_rr_conversion": 0.49,
                    "roi_rr_aov": 0,
                    "roi_rr_revenue_per_visit": 0.81,
                    "roi_qa_lift_conversion": null,
                    "roi_qa_lift_aov": null,
                    "roi_qa_lift_revenue_per_visit": null,
                    "average_rating": 3.9,
                    "rating_distribution_1": 0.11,
                    "rating_distribution_2": 0.07,
                    "rating_distribution_3": 0.09,
                    "rating_distribution_4": 0.2,
                    "rating_distribution_5": 0.47,
                    "nps_detractors": 0.367596428571,
                    "nps_passives": 0.166053571429,
                    "nps_promoters": 0.470396428571,
                    "answers_from_community": 0.33,
                    "reviews_by_repeat_contributors": 0.06
                },
                "30": {
                    "name": "CPG",
                    "url_nice_name": "manu_cpg",
                    "icon_name": "manu_cpg",
                    "clients_included": 77,
                    "total_submitted": 35018,
                    "total_questions": 565,
                    "total_answers": 791,
                    "ppv_with_reviews": 0.97,
                    "roi_rr_conversion": null,
                    "roi_rr_aov": null,
                    "roi_rr_revenue_per_visit": null,
                    "roi_qa_lift_conversion": null,
                    "roi_qa_lift_aov": null,
                    "roi_qa_lift_revenue_per_visit": null,
                    "average_rating": 4.23,
                    "rating_distribution_1": 0.11,
                    "rating_distribution_2": 0.04,
                    "rating_distribution_3": 0.05,
                    "rating_distribution_4": 0.12,
                    "rating_distribution_5": 0.67,
                    "nps_detractors": 0.100057142857,
                    "nps_passives": 0.109866666667,
                    "nps_promoters": 0.802633333333,
                    "answers_from_community": null,
                    "reviews_by_repeat_contributors": 0.19
                },
                "31": {
                    "name": "Footwear",
                    "url_nice_name": "manu_footwear",
                    "icon_name": "footwear",
                    "clients_included": 34,
                    "total_submitted": 30535,
                    "total_questions": null,
                    "total_answers": null,
                    "ppv_with_reviews": 0.74,
                    "roi_rr_conversion": null,
                    "roi_rr_aov": null,
                    "roi_rr_revenue_per_visit": null,
                    "roi_qa_lift_conversion": null,
                    "roi_qa_lift_aov": null,
                    "roi_qa_lift_revenue_per_visit": null,
                    "average_rating": 4.31,
                    "rating_distribution_1": 0.06,
                    "rating_distribution_2": 0.05,
                    "rating_distribution_3": 0.07,
                    "rating_distribution_4": 0.18,
                    "rating_distribution_5": 0.65,
                    "nps_detractors": 0.16854,
                    "nps_passives": 0.1372,
                    "nps_promoters": 0.7012,
                    "answers_from_community": null,
                    "reviews_by_repeat_contributors": 0.26
                },
                "32": {
                    "name": "Home Appliance Electronics",
                    "url_nice_name": "manu_hardware_home_appliance_electronics",
                    "icon_name": "manu_hae",
                    "clients_included": 27,
                    "total_submitted": 22588,
                    "total_questions": null,
                    "total_answers": null,
                    "ppv_with_reviews": 0.51,
                    "roi_rr_conversion": 1.83,
                    "roi_rr_aov": 0.07,
                    "roi_rr_revenue_per_visit": 2.3,
                    "roi_qa_lift_conversion": null,
                    "roi_qa_lift_aov": null,
                    "roi_qa_lift_revenue_per_visit": null,
                    "average_rating": 4.24,
                    "rating_distribution_1": 0.08,
                    "rating_distribution_2": 0.04,
                    "rating_distribution_3": 0.05,
                    "rating_distribution_4": 0.2,
                    "rating_distribution_5": 0.59,
                    "nps_detractors": 0.306025,
                    "nps_passives": 0.170058333333,
                    "nps_promoters": 0.525675,
                    "answers_from_community": null,
                    "reviews_by_repeat_contributors": 0.1
                },
                "33": {
                    "name": "Home Improvement",
                    "url_nice_name": "manu_hardware_home_improvement",
                    "icon_name": "manu_home_improvement",
                    "clients_included": 18,
                    "total_submitted": 3416,
                    "total_questions": null,
                    "total_answers": null,
                    "ppv_with_reviews": 0.93,
                    "roi_rr_conversion": 0.64,
                    "roi_rr_aov": 0.18,
                    "roi_rr_revenue_per_visit": 1.02,
                    "roi_qa_lift_conversion": null,
                    "roi_qa_lift_aov": null,
                    "roi_qa_lift_revenue_per_visit": null,
                    "average_rating": 4.03,
                    "rating_distribution_1": 0.15,
                    "rating_distribution_2": 0.07,
                    "rating_distribution_3": 0.06,
                    "rating_distribution_4": 0.15,
                    "rating_distribution_5": 0.57,
                    "nps_detractors": 0.189125,
                    "nps_passives": 0.0975916666667,
                    "nps_promoters": 0.717175,
                    "answers_from_community": null,
                    "reviews_by_repeat_contributors": 0.12
                },
                "34": {
                    "name": "Health / Beauty",
                    "url_nice_name": "manu_health_beauty",
                    "icon_name": "health_beauty",
                    "clients_included": 100,
                    "total_submitted": 27966,
                    "total_questions": 1014,
                    "total_answers": 1164,
                    "ppv_with_reviews": 0.76,
                    "roi_rr_conversion": 1,
                    "roi_rr_aov": 0.09,
                    "roi_rr_revenue_per_visit": 0.98,
                    "roi_qa_lift_conversion": null,
                    "roi_qa_lift_aov": null,
                    "roi_qa_lift_revenue_per_visit": null,
                    "average_rating": 4.5,
                    "rating_distribution_1": 0.05,
                    "rating_distribution_2": 0.04,
                    "rating_distribution_3": 0.05,
                    "rating_distribution_4": 0.14,
                    "rating_distribution_5": 0.75,
                    "nps_detractors": 0.128652941176,
                    "nps_passives": 0.160805882353,
                    "nps_promoters": 0.73382745098,
                    "answers_from_community": 0.67,
                    "reviews_by_repeat_contributors": 0.36
                },
                "35": {
                    "name": "Housewares / Home Furnishings",
                    "url_nice_name": "manu_housewares_home_furnishings",
                    "icon_name": "housewares",
                    "clients_included": 15,
                    "total_submitted": 4655,
                    "total_questions": 796,
                    "total_answers": 770,
                    "ppv_with_reviews": 0.74,
                    "roi_rr_conversion": 0.81,
                    "roi_rr_aov": 0.15,
                    "roi_rr_revenue_per_visit": 0.97,
                    "roi_qa_lift_conversion": null,
                    "roi_qa_lift_aov": null,
                    "roi_qa_lift_revenue_per_visit": null,
                    "average_rating": 3.97,
                    "rating_distribution_1": 0.15,
                    "rating_distribution_2": 0.05,
                    "rating_distribution_3": 0.08,
                    "rating_distribution_4": 0.14,
                    "rating_distribution_5": 0.53,
                    "nps_detractors": 0.326416666667,
                    "nps_passives": 0.1124,
                    "nps_promoters": 0.5672,
                    "answers_from_community": null,
                    "reviews_by_repeat_contributors": 0.18
                },
                "36": {
                    "name": "Pets",
                    "url_nice_name": "manu_pets",
                    "icon_name": "manu_pets",
                    "clients_included": 16,
                    "total_submitted": 2914,
                    "total_questions": 535,
                    "total_answers": 485,
                    "ppv_with_reviews": 0.97,
                    "roi_rr_conversion": null,
                    "roi_rr_aov": null,
                    "roi_rr_revenue_per_visit": null,
                    "roi_qa_lift_conversion": null,
                    "roi_qa_lift_aov": null,
                    "roi_qa_lift_revenue_per_visit": null,
                    "average_rating": 4.28,
                    "rating_distribution_1": 0.17,
                    "rating_distribution_2": 0.04,
                    "rating_distribution_3": 0.03,
                    "rating_distribution_4": 0.09,
                    "rating_distribution_5": 0.74,
                    "nps_detractors": 0.4,
                    "nps_passives": 0.0832,
                    "nps_promoters": 0.52288,
                    "answers_from_community": 0.06,
                    "reviews_by_repeat_contributors": 0.15
                },
                "37": {
                    "name": "Sporting Goods / Outdoors",
                    "url_nice_name": "manu_sporting_goods_outdoors",
                    "icon_name": "manu_sporting_goods",
                    "clients_included": 15,
                    "total_submitted": 6008,
                    "total_questions": null,
                    "total_answers": null,
                    "ppv_with_reviews": 0.6,
                    "roi_rr_conversion": null,
                    "roi_rr_aov": null,
                    "roi_rr_revenue_per_visit": null,
                    "roi_qa_lift_conversion": null,
                    "roi_qa_lift_aov": null,
                    "roi_qa_lift_revenue_per_visit": null,
                    "average_rating": 4.53,
                    "rating_distribution_1": 0.03,
                    "rating_distribution_2": 0.03,
                    "rating_distribution_3": 0.05,
                    "rating_distribution_4": 0.14,
                    "rating_distribution_5": 0.72,
                    "nps_detractors": null,
                    "nps_passives": null,
                    "nps_promoters": null,
                    "answers_from_community": null,
                    "reviews_by_repeat_contributors": 0.2
                },
                "38": {
                    "name": "Toys / Games / Hobbies",
                    "url_nice_name": "manu_toys_games_hobbies",
                    "icon_name": "toys",
                    "clients_included": 8,
                    "total_submitted": 8912,
                    "total_questions": null,
                    "total_answers": null,
                    "ppv_with_reviews": 0.71,
                    "roi_rr_conversion": 0.16,
                    "roi_rr_aov": 0.05,
                    "roi_rr_revenue_per_visit": 0.23,
                    "roi_qa_lift_conversion": null,
                    "roi_qa_lift_aov": null,
                    "roi_qa_lift_revenue_per_visit": null,
                    "average_rating": 4.33,
                    "rating_distribution_1": 0.02,
                    "rating_distribution_2": 0.02,
                    "rating_distribution_3": 0.06,
                    "rating_distribution_4": 0.21,
                    "rating_distribution_5": 0.64,
                    "nps_detractors": null,
                    "nps_passives": null,
                    "nps_promoters": null,
                    "answers_from_community": null,
                    "reviews_by_repeat_contributors": 0.45
                },
                "44": {
                    "name": "Food / Beverage / Drug",
                    "url_nice_name": "food_beverage_drug",
                    "icon_name": "food_beverage_drug",
                    "clients_included": 6,
                    "total_submitted": 1074,
                    "total_questions": null,
                    "total_answers": null,
                    "ppv_with_reviews": 0.84,
                    "roi_rr_conversion": null,
                    "roi_rr_aov": null,
                    "roi_rr_revenue_per_visit": null,
                    "roi_qa_lift_conversion": null,
                    "roi_qa_lift_aov": null,
                    "roi_qa_lift_revenue_per_visit": null,
                    "average_rating": 4.39,
                    "rating_distribution_1": 0.09,
                    "rating_distribution_2": 0.04,
                    "rating_distribution_3": 0.04,
                    "rating_distribution_4": 0.13,
                    "rating_distribution_5": 0.72,
                    "nps_detractors": null,
                    "nps_passives": null,
                    "nps_promoters": null,
                    "answers_from_community": null,
                    "reviews_by_repeat_contributors": 0.45
                },
                "45": {
                    "name": "Office Supplies",
                    "url_nice_name": "office_supplies",
                    "icon_name": "office_supplies",
                    "clients_included": 6,
                    "total_submitted": 676,
                    "total_questions": null,
                    "total_answers": null,
                    "ppv_with_reviews": 0.6,
                    "roi_rr_conversion": null,
                    "roi_rr_aov": null,
                    "roi_rr_revenue_per_visit": null,
                    "roi_qa_lift_conversion": null,
                    "roi_qa_lift_aov": null,
                    "roi_qa_lift_revenue_per_visit": null,
                    "average_rating": 4.39,
                    "rating_distribution_1": 0.09,
                    "rating_distribution_2": 0.02,
                    "rating_distribution_3": 0.06,
                    "rating_distribution_4": 0.13,
                    "rating_distribution_5": 0.7,
                    "nps_detractors": null,
                    "nps_passives": null,
                    "nps_promoters": null,
                    "answers_from_community": null,
                    "reviews_by_repeat_contributors": 0.45
                },
                "46": {
                    "name": "Software",
                    "url_nice_name": "software",
                    "icon_name": "software",
                    "clients_included": 7,
                    "total_submitted": 4497,
                    "total_questions": null,
                    "total_answers": null,
                    "ppv_with_reviews": 0.97,
                    "roi_rr_conversion": null,
                    "roi_rr_aov": null,
                    "roi_rr_revenue_per_visit": null,
                    "roi_qa_lift_conversion": null,
                    "roi_qa_lift_aov": null,
                    "roi_qa_lift_revenue_per_visit": null,
                    "average_rating": 4.33,
                    "rating_distribution_1": 0.06,
                    "rating_distribution_2": 0.05,
                    "rating_distribution_3": 0.09,
                    "rating_distribution_4": 0.17,
                    "rating_distribution_5": 0.62,
                    "nps_detractors": null,
                    "nps_passives": null,
                    "nps_promoters": null,
                    "answers_from_community": null,
                    "reviews_by_repeat_contributors": 0.45
                }
            },
            "roi_rr_conversion": null,
            "roi_rr_aov": null,
            "roi_rr_revenue_per_visit": null,
            "roi_qa_lift_conversion": null,
            "roi_qa_lift_aov": null,
            "roi_qa_lift_revenue_per_visit": null,
            "average_rating": 4.31,
            "rating_distribution_1": 0.07,
            "rating_distribution_2": 0.05,
            "rating_distribution_3": 0.06,
            "rating_distribution_4": 0.16,
            "rating_distribution_5": 0.65,
            "nps_detractors": 0.21213,
            "nps_passives": 0.1439,
            "nps_promoters": 0.656352857143,
            "answers_from_community": 0.31,
            "reviews_by_repeat_contributors": 0.23
        },
        "3": {
            "name": "Financial Services",
            "url_nice_name": "financial_services",
            "icon_name": "financial_services",
            "clients_included": 25,
            "total_submitted": 22408,
            "total_questions": null,
            "total_answers": null,
            "ppv_with_reviews": 1,
            "industries": {
                "41": {
                    "name": "Banking",
                    "url_nice_name": "banking",
                    "icon_name": "banking",
                    "clients_included": 6,
                    "total_submitted": 6401,
                    "total_questions": null,
                    "total_answers": null,
                    "ppv_with_reviews": 0.97,
                    "roi_rr_conversion": null,
                    "roi_rr_aov": null,
                    "roi_rr_revenue_per_visit": null,
                    "roi_qa_lift_conversion": null,
                    "roi_qa_lift_aov": null,
                    "roi_qa_lift_revenue_per_visit": null,
                    "average_rating": 4.28,
                    "rating_distribution_1": 0.06,
                    "rating_distribution_2": 0.03,
                    "rating_distribution_3": 0.03,
                    "rating_distribution_4": 0.15,
                    "rating_distribution_5": 0.69,
                    "nps_detractors": 0.110521917808,
                    "nps_passives": 0.190709589041,
                    "nps_promoters": 0.720456164384,
                    "answers_from_community": 0.44,
                    "reviews_by_repeat_contributors": 0.38
                },
                "42": {
                    "name": "Credit Unions",
                    "url_nice_name": "credit_unions",
                    "icon_name": "credit_unions",
                    "clients_included": 4,
                    "total_submitted": 1416,
                    "total_questions": null,
                    "total_answers": null,
                    "ppv_with_reviews": null,
                    "roi_rr_conversion": null,
                    "roi_rr_aov": null,
                    "roi_rr_revenue_per_visit": null,
                    "roi_qa_lift_conversion": null,
                    "roi_qa_lift_aov": null,
                    "roi_qa_lift_revenue_per_visit": null,
                    "average_rating": 4.75,
                    "rating_distribution_1": 0.02,
                    "rating_distribution_2": 0.01,
                    "rating_distribution_3": 0.02,
                    "rating_distribution_4": 0.07,
                    "rating_distribution_5": 0.87,
                    "nps_detractors": 0.110521917808,
                    "nps_passives": 0.190709589041,
                    "nps_promoters": 0.720456164384,
                    "answers_from_community": 0.44,
                    "reviews_by_repeat_contributors": 0.38
                },
                "43": {
                    "name": "Insurance",
                    "url_nice_name": "insurance",
                    "icon_name": "insurance",
                    "clients_included": 6,
                    "total_submitted": 1705,
                    "total_questions": null,
                    "total_answers": null,
                    "ppv_with_reviews": 1,
                    "roi_rr_conversion": null,
                    "roi_rr_aov": null,
                    "roi_rr_revenue_per_visit": null,
                    "roi_qa_lift_conversion": null,
                    "roi_qa_lift_aov": null,
                    "roi_qa_lift_revenue_per_visit": null,
                    "average_rating": 4.49,
                    "rating_distribution_1": 0.08,
                    "rating_distribution_2": 0.03,
                    "rating_distribution_3": 0.05,
                    "rating_distribution_4": 0.05,
                    "rating_distribution_5": 0.78,
                    "nps_detractors": 0.110521917808,
                    "nps_passives": 0.190709589041,
                    "nps_promoters": 0.720456164384,
                    "answers_from_community": 0.44,
                    "reviews_by_repeat_contributors": 0.38
                }
            },
            "roi_rr_conversion": null,
            "roi_rr_aov": null,
            "roi_rr_revenue_per_visit": null,
            "roi_qa_lift_conversion": null,
            "roi_qa_lift_aov": null,
            "roi_qa_lift_revenue_per_visit": null,
            "average_rating": 4.5,
            "rating_distribution_1": 0.04,
            "rating_distribution_2": 0.03,
            "rating_distribution_3": 0.04,
            "rating_distribution_4": 0.12,
            "rating_distribution_5": 0.72,
            "nps_detractors": 0.1306625,
            "nps_passives": 0.1066,
            "nps_promoters": 0.7634375,
            "answers_from_community": null,
            "reviews_by_repeat_contributors": 0.06
        },
        "4": {
            "name": "Retail",
            "url_nice_name": "retail",
            "icon_name": "retail_other",
            "clients_included": 638,
            "total_submitted": 6202131,
            "total_questions": 378400,
            "total_answers": 529437,
            "ppv_with_reviews": 0.61,
            "industries": {
                "6": {
                    "name": "Apparel",
                    "url_nice_name": "apparel_accessories",
                    "icon_name": "apparel",
                    "clients_included": 164,
                    "total_submitted": 647638,
                    "total_questions": 14702,
                    "total_answers": 21331,
                    "ppv_with_reviews": 0.58,
                    "roi_rr_conversion": 1.45,
                    "roi_rr_aov": 0.09,
                    "roi_rr_revenue_per_visit": 1.69,
                    "roi_qa_lift_conversion": null,
                    "roi_qa_lift_aov": null,
                    "roi_qa_lift_revenue_per_visit": null,
                    "average_rating": 4.31,
                    "rating_distribution_1": 0.05,
                    "rating_distribution_2": 0.05,
                    "rating_distribution_3": 0.07,
                    "rating_distribution_4": 0.2,
                    "rating_distribution_5": 0.62,
                    "nps_detractors": 0.110521917808,
                    "nps_passives": 0.190709589041,
                    "nps_promoters": 0.720456164384,
                    "answers_from_community": 0.44,
                    "reviews_by_repeat_contributors": 0.38
                },
                "7": {
                    "name": "Books/Music",
                    "url_nice_name": "books_cds_dvds_music_games",
                    "icon_name": "books_cds_dvds",
                    "clients_included": 12,
                    "total_submitted": 9140,
                    "total_questions": null,
                    "total_answers": null,
                    "ppv_with_reviews": 0.29,
                    "roi_rr_conversion": null,
                    "roi_rr_aov": null,
                    "roi_rr_revenue_per_visit": null,
                    "roi_qa_lift_conversion": null,
                    "roi_qa_lift_aov": null,
                    "roi_qa_lift_revenue_per_visit": null,
                    "average_rating": 4.45,
                    "rating_distribution_1": 0.03,
                    "rating_distribution_2": 0.03,
                    "rating_distribution_3": 0.06,
                    "rating_distribution_4": 0.23,
                    "rating_distribution_5": 0.62,
                    "nps_detractors": 0.08335,
                    "nps_passives": 0.2232,
                    "nps_promoters": 0.70545,
                    "answers_from_community": null,
                    "reviews_by_repeat_contributors": 0.32
                },
                "8": {
                    "name": "Consumer Electronics",
                    "url_nice_name": "consumer_electronics",
                    "icon_name": "consumer_electronics",
                    "clients_included": 41,
                    "total_submitted": 141999,
                    "total_questions": 23891,
                    "total_answers": 29711,
                    "ppv_with_reviews": 0.56,
                    "roi_rr_conversion": 0.49,
                    "roi_rr_aov": 0,
                    "roi_rr_revenue_per_visit": 0.81,
                    "roi_qa_lift_conversion": null,
                    "roi_qa_lift_aov": null,
                    "roi_qa_lift_revenue_per_visit": null,
                    "average_rating": 4.31,
                    "rating_distribution_1": 0.05,
                    "rating_distribution_2": 0.02,
                    "rating_distribution_3": 0.06,
                    "rating_distribution_4": 0.29,
                    "rating_distribution_5": 0.57,
                    "nps_detractors": 0.119710714286,
                    "nps_passives": 0.255082142857,
                    "nps_promoters": 0.636321428571,
                    "answers_from_community": 0.3,
                    "reviews_by_repeat_contributors": 0.2
                },
                "9": {
                    "name": "Education",
                    "url_nice_name": "education",
                    "icon_name": "education",
                    "clients_included": 5,
                    "total_submitted": 522,
                    "total_questions": null,
                    "total_answers": null,
                    "ppv_with_reviews": 0.45,
                    "roi_rr_conversion": null,
                    "roi_rr_aov": null,
                    "roi_rr_revenue_per_visit": null,
                    "roi_qa_lift_conversion": null,
                    "roi_qa_lift_aov": null,
                    "roi_qa_lift_revenue_per_visit": null,
                    "average_rating": 4.28,
                    "rating_distribution_1": 0.07,
                    "rating_distribution_2": 0.09,
                    "rating_distribution_3": 0.05,
                    "rating_distribution_4": 0.14,
                    "rating_distribution_5": 0.7,
                    "nps_detractors": null,
                    "nps_passives": null,
                    "nps_promoters": null,
                    "answers_from_community": null,
                    "reviews_by_repeat_contributors": 0.3
                },
                "10": {
                    "name": "Flowers / Gifts",
                    "url_nice_name": "flowers_gifts",
                    "icon_name": "flowers_gifts",
                    "clients_included": 15,
                    "total_submitted": 33065,
                    "total_questions": null,
                    "total_answers": null,
                    "ppv_with_reviews": 0.65,
                    "roi_rr_conversion": null,
                    "roi_rr_aov": null,
                    "roi_rr_revenue_per_visit": null,
                    "roi_qa_lift_conversion": null,
                    "roi_qa_lift_aov": null,
                    "roi_qa_lift_revenue_per_visit": null,
                    "average_rating": 4.44,
                    "rating_distribution_1": 0.05,
                    "rating_distribution_2": 0.04,
                    "rating_distribution_3": 0.05,
                    "rating_distribution_4": 0.14,
                    "rating_distribution_5": 0.71,
                    "nps_detractors": 0.0831,
                    "nps_passives": 0.171916666667,
                    "nps_promoters": 0.752466666667,
                    "answers_from_community": null,
                    "reviews_by_repeat_contributors": 0.12
                },
                "11": {
                    "name": "Food / Beverage / Drug",
                    "url_nice_name": "food_beverage_drug",
                    "icon_name": "food_beverage_drug",
                    "clients_included": 23,
                    "total_submitted": 64922,
                    "total_questions": null,
                    "total_answers": null,
                    "ppv_with_reviews": 0.66,
                    "roi_rr_conversion": null,
                    "roi_rr_aov": null,
                    "roi_rr_revenue_per_visit": null,
                    "roi_qa_lift_conversion": null,
                    "roi_qa_lift_aov": null,
                    "roi_qa_lift_revenue_per_visit": null,
                    "average_rating": 4.33,
                    "rating_distribution_1": 0.08,
                    "rating_distribution_2": 0.04,
                    "rating_distribution_3": 0.04,
                    "rating_distribution_4": 0.15,
                    "rating_distribution_5": 0.65,
                    "nps_detractors": 0.06636,
                    "nps_passives": 0.15252,
                    "nps_promoters": 0.79478,
                    "answers_from_community": null,
                    "reviews_by_repeat_contributors": 0.31
                },
                "12": {
                    "name": "Footwear",
                    "url_nice_name": "footwear",
                    "icon_name": "footwear",
                    "clients_included": 13,
                    "total_submitted": 33058,
                    "total_questions": 804,
                    "total_answers": 776,
                    "ppv_with_reviews": 0.82,
                    "roi_rr_conversion": null,
                    "roi_rr_aov": null,
                    "roi_rr_revenue_per_visit": null,
                    "roi_qa_lift_conversion": null,
                    "roi_qa_lift_aov": null,
                    "roi_qa_lift_revenue_per_visit": null,
                    "average_rating": 4.49,
                    "rating_distribution_1": 0.02,
                    "rating_distribution_2": 0.03,
                    "rating_distribution_3": 0.05,
                    "rating_distribution_4": 0.17,
                    "rating_distribution_5": 0.69,
                    "nps_detractors": 0.116016666667,
                    "nps_passives": 0.135883333333,
                    "nps_promoters": 0.760916666667,
                    "answers_from_community": 0.09,
                    "reviews_by_repeat_contributors": 0.2
                },
                "13": {
                    "name": "Home Appliance Electronics",
                    "url_nice_name": "hardware_home_appliance_electronics",
                    "icon_name": "manu_hae",
                    "clients_included": 9,
                    "total_submitted": 2189,
                    "total_questions": 1801,
                    "total_answers": 1449,
                    "ppv_with_reviews": 0.42,
                    "roi_rr_conversion": 1.83,
                    "roi_rr_aov": 0.07,
                    "roi_rr_revenue_per_visit": 2.3,
                    "roi_qa_lift_conversion": null,
                    "roi_qa_lift_aov": null,
                    "roi_qa_lift_revenue_per_visit": null,
                    "average_rating": 4,
                    "rating_distribution_1": 0.15,
                    "rating_distribution_2": 0.06,
                    "rating_distribution_3": 0.06,
                    "rating_distribution_4": 0.17,
                    "rating_distribution_5": 0.66,
                    "nps_detractors": 0.1463,
                    "nps_passives": 0.13794,
                    "nps_promoters": 0.73098,
                    "answers_from_community": 0.27,
                    "reviews_by_repeat_contributors": 0.11
                },
                "14": {
                    "name": "Home Improvement",
                    "url_nice_name": "hardware_home_improvement",
                    "icon_name": "manu_home_improvement",
                    "clients_included": 26,
                    "total_submitted": 107207,
                    "total_questions": 6567,
                    "total_answers": 7182,
                    "ppv_with_reviews": 0.61,
                    "roi_rr_conversion": 0.64,
                    "roi_rr_aov": 0.18,
                    "roi_rr_revenue_per_visit": 1.02,
                    "roi_qa_lift_conversion": null,
                    "roi_qa_lift_aov": null,
                    "roi_qa_lift_revenue_per_visit": null,
                    "average_rating": 4.14,
                    "rating_distribution_1": 0.08,
                    "rating_distribution_2": 0.04,
                    "rating_distribution_3": 0.06,
                    "rating_distribution_4": 0.19,
                    "rating_distribution_5": 0.59,
                    "nps_detractors": 0.157433333333,
                    "nps_passives": 0.243166666667,
                    "nps_promoters": 0.611133333333,
                    "answers_from_community": null,
                    "reviews_by_repeat_contributors": 0.21
                },
                "15": {
                    "name": "Health / Beauty",
                    "url_nice_name": "health_beauty",
                    "icon_name": "health_beauty",
                    "clients_included": 42,
                    "total_submitted": 152549,
                    "total_questions": null,
                    "total_answers": null,
                    "ppv_with_reviews": 0.69,
                    "roi_rr_conversion": 1,
                    "roi_rr_aov": 0.09,
                    "roi_rr_revenue_per_visit": 0.98,
                    "roi_qa_lift_conversion": null,
                    "roi_qa_lift_aov": null,
                    "roi_qa_lift_revenue_per_visit": null,
                    "average_rating": 4.3,
                    "rating_distribution_1": 0.07,
                    "rating_distribution_2": 0.05,
                    "rating_distribution_3": 0.06,
                    "rating_distribution_4": 0.16,
                    "rating_distribution_5": 0.65,
                    "nps_detractors": 0.103918181818,
                    "nps_passives": 0.215690909091,
                    "nps_promoters": 0.72375,
                    "answers_from_community": 0.51,
                    "reviews_by_repeat_contributors": 0.51
                },
                "16": {
                    "name": "Housewares / Home Furnishings",
                    "url_nice_name": "housewares_home_furnishings",
                    "icon_name": "housewares",
                    "clients_included": 32,
                    "total_submitted": 49563,
                    "total_questions": 3630,
                    "total_answers": 4266,
                    "ppv_with_reviews": 0.6,
                    "roi_rr_conversion": 0.81,
                    "roi_rr_aov": 0.15,
                    "roi_rr_revenue_per_visit": 0.97,
                    "roi_qa_lift_conversion": null,
                    "roi_qa_lift_aov": null,
                    "roi_qa_lift_revenue_per_visit": null,
                    "average_rating": 4.35,
                    "rating_distribution_1": 0.05,
                    "rating_distribution_2": 0.04,
                    "rating_distribution_3": 0.05,
                    "rating_distribution_4": 0.15,
                    "rating_distribution_5": 0.66,
                    "nps_detractors": 0.137084615385,
                    "nps_passives": 0.143223076923,
                    "nps_promoters": 0.725361538462,
                    "answers_from_community": 0.61,
                    "reviews_by_repeat_contributors": 0.24
                },
                "17": {
                    "name": "Jewelry",
                    "url_nice_name": "jewelry",
                    "icon_name": "jewelry",
                    "clients_included": 12,
                    "total_submitted": 4761,
                    "total_questions": null,
                    "total_answers": null,
                    "ppv_with_reviews": 0.41,
                    "roi_rr_conversion": null,
                    "roi_rr_aov": null,
                    "roi_rr_revenue_per_visit": null,
                    "roi_qa_lift_conversion": null,
                    "roi_qa_lift_aov": null,
                    "roi_qa_lift_revenue_per_visit": null,
                    "average_rating": 4.51,
                    "rating_distribution_1": 0.06,
                    "rating_distribution_2": 0.03,
                    "rating_distribution_3": 0.05,
                    "rating_distribution_4": 0.1,
                    "rating_distribution_5": 0.76,
                    "nps_detractors": 0.0991,
                    "nps_passives": 0.120275,
                    "nps_promoters": 0.785275,
                    "answers_from_community": null,
                    "reviews_by_repeat_contributors": 0.21
                },
                "18": {
                    "name": "Leisure",
                    "url_nice_name": "leisure",
                    "icon_name": "leisure",
                    "clients_included": 21,
                    "total_submitted": 441262,
                    "total_questions": null,
                    "total_answers": null,
                    "ppv_with_reviews": 0.8,
                    "roi_rr_conversion": null,
                    "roi_rr_aov": null,
                    "roi_rr_revenue_per_visit": null,
                    "roi_qa_lift_conversion": null,
                    "roi_qa_lift_aov": null,
                    "roi_qa_lift_revenue_per_visit": null,
                    "average_rating": 4.53,
                    "rating_distribution_1": 0.02,
                    "rating_distribution_2": 0.03,
                    "rating_distribution_3": 0.05,
                    "rating_distribution_4": 0.19,
                    "rating_distribution_5": 0.72,
                    "nps_detractors": 0.160225,
                    "nps_passives": 0.125775,
                    "nps_promoters": 0.723875,
                    "answers_from_community": null,
                    "reviews_by_repeat_contributors": 0.12
                },
                "19": {
                    "name": "Luxury Apparel",
                    "url_nice_name": "luxury_apparel",
                    "icon_name": "luxury_apparel",
                    "clients_included": 12,
                    "total_submitted": 27767,
                    "total_questions": null,
                    "total_answers": null,
                    "ppv_with_reviews": 0.42,
                    "roi_rr_conversion": null,
                    "roi_rr_aov": null,
                    "roi_rr_revenue_per_visit": null,
                    "roi_qa_lift_conversion": null,
                    "roi_qa_lift_aov": null,
                    "roi_qa_lift_revenue_per_visit": null,
                    "average_rating": 4.4,
                    "rating_distribution_1": 0.05,
                    "rating_distribution_2": 0.05,
                    "rating_distribution_3": 0.07,
                    "rating_distribution_4": 0.17,
                    "rating_distribution_5": 0.66,
                    "nps_detractors": null,
                    "nps_passives": null,
                    "nps_promoters": null,
                    "answers_from_community": null,
                    "reviews_by_repeat_contributors": 0.33
                },
                "20": {
                    "name": "Mass Merchant / Department Store",
                    "url_nice_name": "mass_merchant_department_store",
                    "icon_name": "department_stores",
                    "clients_included": 63,
                    "total_submitted": 1325979,
                    "total_questions": 118584,
                    "total_answers": 141196,
                    "ppv_with_reviews": 0.47,
                    "roi_rr_conversion": 0.36,
                    "roi_rr_aov": 0.02,
                    "roi_rr_revenue_per_visit": 0.22,
                    "roi_qa_lift_conversion": null,
                    "roi_qa_lift_aov": null,
                    "roi_qa_lift_revenue_per_visit": null,
                    "average_rating": 4.2,
                    "rating_distribution_1": 0.08,
                    "rating_distribution_2": 0.04,
                    "rating_distribution_3": 0.06,
                    "rating_distribution_4": 0.19,
                    "rating_distribution_5": 0.6,
                    "nps_detractors": 0.14267826087,
                    "nps_passives": 0.2146,
                    "nps_promoters": 0.666804347826,
                    "answers_from_community": 0.67,
                    "reviews_by_repeat_contributors": 0.3
                },
                "21": {
                    "name": "Office Supplies",
                    "url_nice_name": "office_supplies",
                    "icon_name": "office_supplies",
                    "clients_included": 10,
                    "total_submitted": 4745,
                    "total_questions": 890,
                    "total_answers": 625,
                    "ppv_with_reviews": 0.76,
                    "roi_rr_conversion": 0.7,
                    "roi_rr_aov": 0.07,
                    "roi_rr_revenue_per_visit": 0.66,
                    "roi_qa_lift_conversion": null,
                    "roi_qa_lift_aov": null,
                    "roi_qa_lift_revenue_per_visit": null,
                    "average_rating": 4.39,
                    "rating_distribution_1": 0.03,
                    "rating_distribution_2": 0.02,
                    "rating_distribution_3": 0.05,
                    "rating_distribution_4": 0.2,
                    "rating_distribution_5": 0.63,
                    "nps_detractors": 0.15498,
                    "nps_passives": 0.203,
                    "nps_promoters": 0.67238,
                    "answers_from_community": 0.52,
                    "reviews_by_repeat_contributors": 0.33
                },
                "22": {
                    "name": "Pets",
                    "url_nice_name": "pets",
                    "icon_name": "manu_pets",
                    "clients_included": 22,
                    "total_submitted": 67684,
                    "total_questions": 2654,
                    "total_answers": 5521,
                    "ppv_with_reviews": 0.73,
                    "roi_rr_conversion": null,
                    "roi_rr_aov": null,
                    "roi_rr_revenue_per_visit": null,
                    "roi_qa_lift_conversion": null,
                    "roi_qa_lift_aov": null,
                    "roi_qa_lift_revenue_per_visit": null,
                    "average_rating": 4.4,
                    "rating_distribution_1": 0.06,
                    "rating_distribution_2": 0.04,
                    "rating_distribution_3": 0.05,
                    "rating_distribution_4": 0.15,
                    "rating_distribution_5": 0.69,
                    "nps_detractors": 0.0849375,
                    "nps_passives": 0.1571875,
                    "nps_promoters": 0.7731125,
                    "answers_from_community": 0.48,
                    "reviews_by_repeat_contributors": 0.31
                },
                "23": {
                    "name": "Alcoholic Beverages",
                    "url_nice_name": "alcoholic_beverages",
                    "icon_name": "manu_cpg",
                    "clients_included": 7,
                    "total_submitted": 1404,
                    "total_questions": null,
                    "total_answers": null,
                    "ppv_with_reviews": 0.65,
                    "roi_rr_conversion": null,
                    "roi_rr_aov": null,
                    "roi_rr_revenue_per_visit": null,
                    "roi_qa_lift_conversion": null,
                    "roi_qa_lift_aov": null,
                    "roi_qa_lift_revenue_per_visit": null,
                    "average_rating": 3.64,
                    "rating_distribution_1": 0.14,
                    "rating_distribution_2": 0.08,
                    "rating_distribution_3": 0.09,
                    "rating_distribution_4": 0.3,
                    "rating_distribution_5": 0.33,
                    "nps_detractors": null,
                    "nps_passives": null,
                    "nps_promoters": null,
                    "answers_from_community": null,
                    "reviews_by_repeat_contributors": 0.45
                },
                "24": {
                    "name": "Speciality / Crafts / Art",
                    "url_nice_name": "speciality_crafts_art",
                    "icon_name": "speciality_craft_art",
                    "clients_included": 6,
                    "total_submitted": 2800,
                    "total_questions": null,
                    "total_answers": null,
                    "ppv_with_reviews": 0.52,
                    "roi_rr_conversion": null,
                    "roi_rr_aov": null,
                    "roi_rr_revenue_per_visit": null,
                    "roi_qa_lift_conversion": null,
                    "roi_qa_lift_aov": null,
                    "roi_qa_lift_revenue_per_visit": null,
                    "average_rating": 4.31,
                    "rating_distribution_1": 0.07,
                    "rating_distribution_2": 0.04,
                    "rating_distribution_3": 0.06,
                    "rating_distribution_4": 0.13,
                    "rating_distribution_5": 0.67,
                    "nps_detractors": 0.109175,
                    "nps_passives": 0.185375,
                    "nps_promoters": 0.71575,
                    "answers_from_community": null,
                    "reviews_by_repeat_contributors": 0.4
                },
                "25": {
                    "name": "Sporting Goods / Outdoors",
                    "url_nice_name": "sporting_goods_outdoors",
                    "icon_name": "sporting_goods",
                    "clients_included": 26,
                    "total_submitted": 94248,
                    "total_questions": 12765,
                    "total_answers": 17614,
                    "ppv_with_reviews": 0.64,
                    "roi_rr_conversion": null,
                    "roi_rr_aov": null,
                    "roi_rr_revenue_per_visit": null,
                    "roi_qa_lift_conversion": null,
                    "roi_qa_lift_aov": null,
                    "roi_qa_lift_revenue_per_visit": null,
                    "average_rating": 4.38,
                    "rating_distribution_1": 0.06,
                    "rating_distribution_2": 0.03,
                    "rating_distribution_3": 0.05,
                    "rating_distribution_4": 0.21,
                    "rating_distribution_5": 0.65,
                    "nps_detractors": 0.0797736842105,
                    "nps_passives": 0.169226315789,
                    "nps_promoters": 0.761821052632,
                    "answers_from_community": null,
                    "reviews_by_repeat_contributors": 0.3
                },
                "26": {
                    "name": "Telecom",
                    "url_nice_name": "telecommunications",
                    "icon_name": "telecommunications",
                    "clients_included": 18,
                    "total_submitted": 15437,
                    "total_questions": 3940,
                    "total_answers": 5335,
                    "ppv_with_reviews": 0.86,
                    "roi_rr_conversion": null,
                    "roi_rr_aov": null,
                    "roi_rr_revenue_per_visit": null,
                    "roi_qa_lift_conversion": null,
                    "roi_qa_lift_aov": null,
                    "roi_qa_lift_revenue_per_visit": null,
                    "average_rating": 3.94,
                    "rating_distribution_1": 0.11,
                    "rating_distribution_2": 0.07,
                    "rating_distribution_3": 0.08,
                    "rating_distribution_4": 0.18,
                    "rating_distribution_5": 0.51,
                    "nps_detractors": 0.37378,
                    "nps_passives": 0.21338,
                    "nps_promoters": 0.41358,
                    "answers_from_community": 0.67,
                    "reviews_by_repeat_contributors": 0.04
                },
                "27": {
                    "name": "Toys / Games / Hobbies",
                    "url_nice_name": "toys_games_hobbies",
                    "icon_name": "toys",
                    "clients_included": 14,
                    "total_submitted": 55663,
                    "total_questions": null,
                    "total_answers": null,
                    "ppv_with_reviews": 0.78,
                    "roi_rr_conversion": 0.16,
                    "roi_rr_aov": 0.05,
                    "roi_rr_revenue_per_visit": 0.23,
                    "roi_qa_lift_conversion": null,
                    "roi_qa_lift_aov": null,
                    "roi_qa_lift_revenue_per_visit": null,
                    "average_rating": 4.14,
                    "rating_distribution_1": 0.07,
                    "rating_distribution_2": 0.05,
                    "rating_distribution_3": 0.09,
                    "rating_distribution_4": 0.21,
                    "rating_distribution_5": 0.55,
                    "nps_detractors": 0.1185125,
                    "nps_passives": 0.1966625,
                    "nps_promoters": 0.7077625,
                    "answers_from_community": 0.4,
                    "reviews_by_repeat_contributors": 0.39
                }
            },
            "roi_rr_conversion": null,
            "roi_rr_aov": null,
            "roi_rr_revenue_per_visit": null,
            "roi_qa_lift_conversion": null,
            "roi_qa_lift_aov": null,
            "roi_qa_lift_revenue_per_visit": null,
            "average_rating": 4.32,
            "rating_distribution_1": 0.05,
            "rating_distribution_2": 0.04,
            "rating_distribution_3": 0.06,
            "rating_distribution_4": 0.19,
            "rating_distribution_5": 0.63,
            "nps_detractors": 0.120955839416,
            "nps_passives": 0.190239416058,
            "nps_promoters": 0.706444890511,
            "answers_from_community": 0.47,
            "reviews_by_repeat_contributors": 0.3
        },
        "5": {
            "name": "Travel",
            "url_nice_name": "travel",
            "icon_name": "travel",
            "clients_included": 36,
            "total_submitted": 236378,
            "total_questions": null,
            "total_answers": null,
            "ppv_with_reviews": 0.72,
            "industries": {
                "39": {
                    "name": "Travel - Destination",
                    "url_nice_name": "travel_destination",
                    "icon_name": "travel",
                    "clients_included": 4,
                    "total_submitted": 2032,
                    "total_questions": null,
                    "total_answers": null,
                    "ppv_with_reviews": 0.57,
                    "roi_rr_conversion": null,
                    "roi_rr_aov": null,
                    "roi_rr_revenue_per_visit": null,
                    "roi_qa_lift_conversion": null,
                    "roi_qa_lift_aov": null,
                    "roi_qa_lift_revenue_per_visit": null,
                    "average_rating": 4.1,
                    "rating_distribution_1": 0.06,
                    "rating_distribution_2": 0.06,
                    "rating_distribution_3": 0.14,
                    "rating_distribution_4": 0.34,
                    "rating_distribution_5": 0.39,
                    "nps_detractors": 0.216466666667,
                    "nps_passives": 0.2421,
                    "nps_promoters": 0.554283333333,
                    "answers_from_community": null,
                    "reviews_by_repeat_contributors": 0.25
                },
                "40": {
                    "name": "Travel - OTA",
                    "url_nice_name": "travel_ota",
                    "icon_name": "travel_ota",
                    "clients_included": 28,
                    "total_submitted": 126338,
                    "total_questions": null,
                    "total_answers": null,
                    "ppv_with_reviews": 0.76,
                    "roi_rr_conversion": null,
                    "roi_rr_aov": null,
                    "roi_rr_revenue_per_visit": null,
                    "roi_qa_lift_conversion": null,
                    "roi_qa_lift_aov": null,
                    "roi_qa_lift_revenue_per_visit": null,
                    "average_rating": 3.87,
                    "rating_distribution_1": 0.06,
                    "rating_distribution_2": 0.06,
                    "rating_distribution_3": 0.14,
                    "rating_distribution_4": 0.37,
                    "rating_distribution_5": 0.34,
                    "nps_detractors": 0.165925,
                    "nps_passives": 0.228475,
                    "nps_promoters": 0.61015,
                    "answers_from_community": null,
                    "reviews_by_repeat_contributors": 0.2
                }
            },
            "roi_rr_conversion": null,
            "roi_rr_aov": null,
            "roi_rr_revenue_per_visit": null,
            "roi_qa_lift_conversion": null,
            "roi_qa_lift_aov": null,
            "roi_qa_lift_revenue_per_visit": null,
            "average_rating": 3.92,
            "rating_distribution_1": 0.06,
            "rating_distribution_2": 0.06,
            "rating_distribution_3": 0.14,
            "rating_distribution_4": 0.34,
            "rating_distribution_5": 0.39,
            "nps_detractors": 0.19625,
            "nps_passives": 0.23665,
            "nps_promoters": 0.57663,
            "answers_from_community": null,
            "reviews_by_repeat_contributors": 0.22
        }
    },
    "roi_rr_conversion": 0.92,
    "roi_rr_aov": 0.07,
    "roi_rr_revenue_per_visit": 1.07,
    "roi_qa_lift_conversion": 0.94,
    "roi_qa_lift_aov": 0.01,
    "roi_qa_lift_revenue_per_visit": 1.03,
    "average_rating": 4.31,
    "rating_distribution_1": 0.06,
    "rating_distribution_2": 0.04,
    "rating_distribution_3": 0.06,
    "rating_distribution_4": 0.18,
    "rating_distribution_5": 0.64,
    "nps_detractors": 0.152836320755,
    "nps_passives": 0.176033254717,
    "nps_promoters": 0.686843396226,
    "answers_from_community": 0.45,
    "reviews_by_repeat_contributors": 0.27
}